{
    "file": "d9f57584e129442c94880c4b6a851826.mp4",
    "tamper_probability": 0.1134,
    "verdict": "NO STRONG EVIDENCE OF TAMPERING",
    "features": {
        "gop_irregularity": 0.0,
        "duplicate_ratio": 0.0,
        "cut_density": 0.285,
        "metadata_flag": 0,
        "prnu_full_calibration": {
            "analysis_date": "2025-12-06T13:50:31",
            "total_videos_requested": 1,
            "videos_processed": [
                {
                    "video": "d9f57584e129442c94880c4b6a851826.mp4",
                    "full_path": "C:\\Users\\profo\\Desktop\\evidence\\backend\\files\\d9f57584e129442c94880c4b6a851826.mp4",
                    "frames_used": 1000,
                    "patch_size": 64,
                    "mean_corr": 0.1398,
                    "median_corr": 0.1218,
                    "std_corr": 0.0741,
                    "mad_corr": 0.018000000000000002,
                    "status": "ok"
                }
            ],
            "global_statistics": {
                "videos_analyzed": 1,
                "mean_correlation": {
                    "min": 0.1398,
                    "p25": 0.1398,
                    "median": 0.1398,
                    "p75": 0.1398,
                    "max": 0.1398
                },
                "std_correlation": {
                    "min": 0.0741,
                    "p25": 0.0741,
                    "median": 0.0741,
                    "p75": 0.0741,
                    "max": 0.0741
                },
                "mad_correlation": {
                    "min": 0.018000000000000002,
                    "p25": 0.018000000000000002,
                    "median": 0.018000000000000002,
                    "p75": 0.018000000000000002,
                    "max": 0.018000000000000002
                }
            },
            "threshold_suggestions": {
                "consistent_camera": {
                    "mean_corr_min": 0.1398,
                    "std_corr_max": 0.05,
                    "mad_corr_max": 0.018000000000000002
                },
                "possible_tampering": {
                    "mean_corr_max": 0.018,
                    "std_corr_min": 0.0741,
                    "mad_corr_min": 0.05
                }
            },
            "histograms": {
                "mean_corr": [
                    {
                        "range": "-0.3602–-0.2352",
                        "count": 0
                    },
                    {
                        "range": "-0.2352–-0.1102",
                        "count": 0
                    },
                    {
                        "range": "-0.1102–0.0148",
                        "count": 0
                    },
                    {
                        "range": "0.0148–0.1398",
                        "count": 1
                    },
                    {
                        "range": "0.1398–0.2648",
                        "count": 0
                    },
                    {
                        "range": "0.2648–0.3898",
                        "count": 0
                    },
                    {
                        "range": "0.3898–0.5148",
                        "count": 0
                    },
                    {
                        "range": "0.5148–0.6398",
                        "count": 0
                    }
                ],
                "std_corr": [
                    {
                        "range": "-0.4259–-0.3009",
                        "count": 0
                    },
                    {
                        "range": "-0.3009–-0.1759",
                        "count": 0
                    },
                    {
                        "range": "-0.1759–-0.0509",
                        "count": 0
                    },
                    {
                        "range": "-0.0509–0.0741",
                        "count": 0
                    },
                    {
                        "range": "0.0741–0.1991",
                        "count": 1
                    },
                    {
                        "range": "0.1991–0.3241",
                        "count": 0
                    },
                    {
                        "range": "0.3241–0.4491",
                        "count": 0
                    },
                    {
                        "range": "0.4491–0.5741",
                        "count": 0
                    }
                ],
                "mad_corr": [
                    {
                        "range": "-0.4820–-0.3570",
                        "count": 0
                    },
                    {
                        "range": "-0.3570–-0.2320",
                        "count": 0
                    },
                    {
                        "range": "-0.2320–-0.1070",
                        "count": 0
                    },
                    {
                        "range": "-0.1070–0.0180",
                        "count": 1
                    },
                    {
                        "range": "0.0180–0.1430",
                        "count": 0
                    },
                    {
                        "range": "0.1430–0.2680",
                        "count": 0
                    },
                    {
                        "range": "0.2680–0.3930",
                        "count": 0
                    },
                    {
                        "range": "0.3930–0.5180",
                        "count": 0
                    }
                ]
            }
        },
        "prnu_checkers": {
            "video": "d9f57584e129442c94880c4b6a851826.mp4",
            "full_path": "C:\\Users\\profo\\Desktop\\evidence\\backend\\files\\d9f57584e129442c94880c4b6a851826.mp4",
            "frames_used": 1000,
            "patch_size": 64,
            "mean_corr": 0.1398,
            "median_corr": 0.1218,
            "std_corr": 0.0741,
            "mad_corr": 0.018000000000000002,
            "status": "ok",
            "threshold_suggestions": {
                "consistent_camera": {
                    "mean_corr_min": 0.1398,
                    "std_corr_max": 0.05,
                    "mad_corr_max": 0.018000000000000002
                },
                "possible_tampering": {
                    "mean_corr_max": 0.018,
                    "std_corr_min": 0.0741,
                    "mad_corr_min": 0.05
                }
            }
        },
        "explanations": {
            "classification": "INCONSISTENT – POSSIBLE TAMPERING / MULTI-CAMERA",
            "confidence": "Low",
            "overall_score_0_100": 40,
            "mean_corr": 0.1398,
            "median_corr": 0.1218,
            "std_corr": 0.0741,
            "mad_corr": 0.018,
            "frames_used": 1000,
            "thresholds_used": "adaptive/from_calibration",
            "detailed_checks": {
                "frames_sufficient": true,
                "mean_corr_high_enough": true,
                "mean_corr_too_low": false,
                "std_corr_low_enough": false,
                "std_corr_too_high": true,
                "mad_corr_low_enough": true,
                "mad_corr_too_high": false,
                "no_computation_error": true
            },
            "explanation_bullets": [
                "Mean corr 0.1398 ≥ 0.1398 → strong fingerprint (0.280 of typical max 0.50)",
                "Std dev 0.0741 > 0.0500 → unstable (possible splicing) (0.148 of typical max 0.50)",
                "MAD 0.0180 ≤ 0.0180 → very uniform noise (0.060 of typical max 0.30)",
                "One or more metrics fall into tampering range"
            ],
            "benchmarks": {
                "mean_corr": {
                    "max_typical": 0.5,
                    "min_typical": 0.02
                },
                "median_corr": {
                    "max_typical": 0.5,